Артикул,Ссылка,Цена
GA-2100SKE-7AER,https://shop.casio.ru/catalog/g-shock-youth/ga-2100ske-7aer/,
DW-5600SKE-7ER,https://shop.casio.ru/catalog/g-shock/dw-5600ske-7er/,
GA-2100-1AER,https://shop.casio.ru/catalog/g-shock-youth/ga_2100_1aer/,
AWM-500GC-1AJR,https://shop.casio.ru/catalog/g-shock/awm_500gc_1ajr/,
DW-5600DAILY21-1ER,https://shop.casio.ru/catalog/g-shock/dw-5600daily21-1er/,
DW-5600GC-7ER,https://shop.casio.ru/catalog/g-shock-youth/dw_5600gc_7er/,
DWE-5600CC-3ER,https://shop.casio.ru/catalog/g-shock/dwe_5600cc_3er/,
GA-110LS-1AER,https://shop.casio.ru/catalog/g-shock-youth/ga_110ls_1aer/,
GA-2100FR-3AER,https://shop.casio.ru/catalog/g-shock-youth/ga_2100fr_3aer/,
GA-2100FR-5AER,https://shop.casio.ru/catalog/g-shock-youth/ga_2100fr_5aer/,
GA-2100SU-1AER,https://shop.casio.ru/catalog/g-shock-youth/ga_2100su_1aer/,
GA-2110ET-8AER,https://shop.casio.ru/catalog/g-shock-youth/ga_2110et_8aer/,
GA-2200-2AER,https://shop.casio.ru/catalog/g-shock/ga-2200-2aer/,
GA-2200MFR-3AER,https://shop.casio.ru/catalog/g-shock/ga-2200mfr-3aer/,
GA-2200MFR-5AER,https://shop.casio.ru/catalog/g-shock/ga-2200mfr-5aer/,
GA-900GC-7AER,https://shop.casio.ru/catalog/g-shock-youth/ga_900gc_7aer/,
GAE-2100GC-7AER,https://shop.casio.ru/catalog/g-shock-youth/gae_2100gc_7aer/,
GM-110NE-1AER,https://shop.casio.ru/catalog/g-shock-youth/gm_110ne_1aer/,
GM-110SCM-1AER,https://shop.casio.ru/catalog/g-shock-youth/gm_110scm_1aer/,
GM-110SG-9AER,https://shop.casio.ru/catalog/g-shock-youth/gm-110sg-9aer/,
GM-2100B-4AER,https://shop.casio.ru/catalog/g-shock/gm-2100b-4aer/,
GM-5600EY-1DR,https://shop.casio.ru/catalog/g-shock-youth/gm_5600ey_1dr/,
GM-5600SCM-1ER,https://shop.casio.ru/catalog/g-shock/gm_5600scm_1er/,
GM-5600SG-9ER,https://shop.casio.ru/catalog/g-shock/gm-5600sg-9er/,
GM-6900G-9ER,https://shop.casio.ru/catalog/g-shock/gm_6900g_9er/,
GM-6900SCM-1ER,https://shop.casio.ru/catalog/g-shock/gm_6900scm_1er/,
GM-6900SG-9ER,https://shop.casio.ru/catalog/g-shock/gm-6900sg-9er/,
GMW-B5000GD-4ER,https://shop.casio.ru/catalog/g-shock-premium/gmw_b5000gd_4er/,
GWG-1000-1A3ER,https://shop.casio.ru/catalog/g-shock-professional/gwg_1000_1a3er/,
MRG-B1000D-1ADR,https://shop.casio.ru/catalog/g-shock-premium/mrg-b1000d-1adr/,
MRG-B2000B-1ADR,https://shop.casio.ru/catalog/g-shock-premium/mrg-b2000b-1a/,
MTG-B2000D-1AER,https://shop.casio.ru/catalog/g-shock-premium/mtg-b2000d-1aer/,
